,gene_id,variant_id,rank,log2_aFC,log2_aFC_error,log2_aFC_c0,log2_aFC_min_95_interv,log2_aFC_plus_95_interv,log2_aFC_c0_min_95_interv,log2_aFC_c0_plus_95_interv
0,ENSG00000227232.5,chr1_64764_C_T_b38,1,0.2949342927040588,0.09951613630924233,-1.1010381364218738,0.12949524136137233,0.4630069888312584,-1.122137411489142,inf
1,ENSG00000269981.1,chr1_108826_G_C_b38,1,0.9447234176687528,0.273562519435685,-1.15926819064895,0.4695165126412474,1.3876488773222793,-1.2007330674760106,inf
2,ENSG00000241860.6,chr1_14677_G_A_b38,1,1.430015735761475,0.1933709743169129,-1.2574647570014308,1.1561450200163903,1.829621496880348,-1.3148149241187927,-1.1752178543226015
3,ENSG00000228463.9,chr1_14677_G_A_b38,5,-1.8143595889912567,0.4169419632899632,-2.201056017949768,-2.296800329680094,-1.2339992151580776,-2.2809290329666307,-2.1232009056913816
4,ENSG00000228327.3,chr1_14677_G_A_b38,1,0.4772329141108873,0.09384571783429033,-0.9658086541783998,0.2799588284761675,0.6001612573403252,-0.992133116899206,-0.9427777386898686
5,ENSG00000241860.6,chr1_17722_A_G_b38,2,1.8033750859545767,0.34255983751236097,-1.2574647570014308,1.2234837628831468,2.4203026418638145,-1.3148149241187927,-1.1752178543226015
6,ENSG00000279457.4,chr1_599167_G_A_b38,1,-0.6570197816981427,0.1921322925218588,-1.019431271725345,-0.9750709695862464,-0.3290856919299002,-1.0581079071594366,-0.9952150664161026
7,ENSG00000279457.4,chr1_134234_G_A_b38,2,-0.5596327395533658,0.09761735532416176,-1.019431271725345,-0.7372199090127152,-0.4189031611106471,-1.0581079071594366,-0.9952150664161026
8,ENSG00000228463.9,chr1_280550_G_A_b38,1,-6.368415131873778,10.577962397984043,-2.201056017949768,-inf,-3.8963108312326034,-2.2809290329666307,-2.1232009056913816
9,ENSG00000228327.3,chr1_280550_G_A_b38,3,0.8788893742956229,0.11563901787749647,-0.9658086541783998,0.7095326610924163,1.0915479839404951,-0.992133116899206,-0.9427777386898686
10,ENSG00000228463.9,chr1_281912_C_G_b38,2,2.111306559931392,0.2173298715563612,-2.201056017949768,1.716159548838767,2.4079862755064663,-2.2809290329666307,-2.1232009056913816
11,ENSG00000228463.9,chr1_286747_A_G_b38,3,2.1710698956483805,0.1784412485396673,-2.201056017949768,1.8455427200839345,2.404114845252172,-2.2809290329666307,-2.1232009056913816
12,ENSG00000228463.9,chr1_263722_C_G_b38,4,1.7989235438867432,0.17605156767992114,-2.201056017949768,1.4840066796192777,2.0299105406411626,-2.2809290329666307,-2.1232009056913816
13,ENSG00000228463.9,chr1_267879_G_C_b38,6,-2.7231494063828183,0.943111240239342,-2.201056017949768,-inf,-2.0521408380114283,-2.2809290329666307,-2.1232009056913816
14,ENSG00000225972.1,chr1_1543591_G_T_b38,1,-3.5503934671453963,0.8549892451565304,-0.4119976434946781,-inf,-3.0764901869100707,-inf,-0.2894661834458264
15,ENSG00000225972.1,chr1_1142474_G_A_b38,2,-3.8954369315076978,0.8648484433696707,-0.4119976434946781,-inf,-2.8547370230452596,-inf,-0.2894661834458264
16,ENSG00000225972.1,chr1_1547896_G_C_b38,3,-6.345203638669382,1.1241032847098082,-0.4119976434946781,-inf,inf,-inf,-0.2894661834458264
17,ENSG00000237973.1,chr1_1451550_C_T_b38,1,1.3294573638040523,0.18246846856853086,-0.7933676196037172,0.969738614049892,1.6172089488669272,-0.8993654809353446,-0.7107955939916966
18,ENSG00000237973.1,chr1_935426_C_CGGAGCTCCTCT_b38,2,-0.7178377255255182,0.12252091785383992,-0.7933676196037172,-0.8636694696710061,inf,-0.8993654809353446,-0.7107955939916966
19,ENSG00000237973.1,chr1_108230_C_T_b38,3,1.4554726766700885,0.16951042282676426,-0.7933676196037172,1.100381092350439,1.6751438451267475,-0.8993654809353446,-0.7107955939916966
20,ENSG00000248527.1,chr1_108230_C_T_b38,1,1.8369769219812035,0.6491649357947239,-1.7928973584241972,0.7857221731978817,2.778542740774269,-1.8460066926266996,inf
21,ENSG00000248527.1,chr1_1202667_C_T_b38,2,-0.8345363801971128,0.8560655728468651,-1.7928973584241972,-inf,inf,-1.8460066926266996,inf
22,ENSG00000198744.5,chr1_1525704_A_G_b38,1,1.7719985302223096,0.292717609006978,-0.32182963239557955,1.2737659527568632,2.280871318582438,-0.3920943614575865,-0.20701434664617566
23,ENSG00000229376.3,chr1_806470_C_T_b38,1,0.7821145214066698,0.2292143070232011,-1.1679797637911726,0.4319267455500997,1.1899982802150464,-1.2037538119645779,inf
24,ENSG00000228327.3,chr1_806017_A_G_b38,2,-0.8229457672213902,0.056502838546363475,-0.9658086541783998,-0.9083491905851272,-0.7087236381738723,-0.992133116899206,-0.9427777386898686
25,ENSG00000237491.8,chr1_823656_G_A_b38,1,1.1642948209039794,0.07145645142949669,-1.1001961316145257,1.0387788956228978,1.2738664589885205,-1.132220528989106,-1.080928022057802
26,ENSG00000230092.7,chr1_805821_C_T_b38,1,1.060228076390283,0.10652925389899026,-1.0938805628235728,0.8879250889538527,1.2431515687516896,-1.1347363227893332,-1.0699413247151979
27,ENSG00000230092.7,chr1_770072_T_A_b38,2,-0.3918729118642403,0.12808893079640585,-1.0938805628235728,-0.6290824556509744,-0.18793098700632052,-1.1347363227893332,-1.0699413247151979
28,ENSG00000177757.2,chr1_816076_T_C_b38,1,0.6599869352644809,0.11413240061331414,-1.04472061003023,0.4472975723177034,0.8306100630240937,-1.065511129240923,inf
29,ENSG00000228794.8,chr1_841166_A_G_b38,1,0.09731270162834617,0.03646283520717066,-1.0031674586425672,0.03735870707430768,0.1634177442648107,-1.0183741484597657,inf
30,ENSG00000225880.5,chr1_799468_T_C_b38,1,0.8730906356233614,0.0627319450127651,-0.977478216548448,0.7693285031326084,0.9835103809871,-1.0252262630847129,-0.9184319639909636
31,ENSG00000225880.5,chr1_826965_A_G_b38,2,0.5957637461288963,0.08055179287481926,-0.977478216548448,0.45312731385549204,0.7220322130644681,-1.0252262630847129,-0.9184319639909636
32,ENSG00000189409.13,chr1_826965_A_G_b38,1,0.9659141221267014,0.23522092434735584,-1.1842911187791612,0.5440033715641991,1.3522865859978286,-1.2198550651963127,inf
33,ENSG00000225880.5,chr1_722408_G_C_b38,3,-0.1440566064321862,0.03645289013548463,-0.977478216548448,-0.2028271354686209,-0.08008732878604978,-1.0252262630847129,-0.9184319639909636
34,ENSG00000230699.2,chr1_632928_G_A_b38,1,1.0998647454912511,0.2120016103366561,-1.1574079902690684,0.7658126256796849,1.50268670137859,-1.2159289584739992,-1.0682125688342117
35,ENSG00000223764.2,chr1_1650396_T_C_b38,1,-3.342185067993824,3.4854654686853817,-1.0492390148092643,-inf,inf,-1.089722253171268,-0.9827983761898076
36,ENSG00000188976.10,chr1_962184_T_C_b38,1,-0.3100811181665453,0.021368133630255276,-0.7086010633201292,-0.3441709536784753,-0.2735208828391542,-0.7398407325587351,-0.6745110282690037
37,ENSG00000188976.10,chr1_979459_C_T_b38,2,-0.24320645343169825,0.0314053434295908,-0.7086010633201292,-0.2893672575908549,-0.18669228405547006,-0.7398407325587351,-0.6745110282690037
38,ENSG00000187961.13,chr1_940263_C_G_b38,1,0.16226259862572778,0.0274101142874562,-1.1675171970525462,0.10798327962304377,0.1969424047830464,-1.1971371668667188,-1.1241475043748792
39,ENSG00000187583.10,chr1_961096_A_G_b38,1,1.06969398436605,0.21667044753831466,-2.0760989761892183,0.714063546164667,1.5206922934523734,-2.4891794095996214,-1.7207763763844883
40,ENSG00000272512.1,chr1_999842_C_A_b38,1,1.3728211965347947,0.07153887396918981,-0.8645301173532274,1.2582920759933318,1.490611403760963,-1.0765411466142332,-0.6326062502346171
41,ENSG00000272512.1,chr1_978812_G_C_b38,2,-0.9703866432032742,0.14519670612050534,-0.8645301173532274,-1.2146340970002127,-0.7276240601777254,-1.0765411466142332,-0.6326062502346171
42,ENSG00000272512.1,chr1_1065514_A_T_b38,3,0.7940565281285892,0.37246290283934624,-0.8645301173532274,0.1434907188410028,1.3297515530035535,-1.0765411466142332,-0.6326062502346171
43,ENSG00000188290.10,chr1_1086035_A_G_b38,1,-0.12429415571097292,0.039324095453719225,-0.8976954768278479,-0.17863320794396692,-0.05119838495427032,-0.9627516044181584,-0.8605599696945877
44,ENSG00000187608.8,chr1_1014228_G_A_b38,1,0.6828564829110872,0.09092273180031604,-1.3486310143116156,0.5374701442707821,0.8405792486889362,-1.4665215989909008,-1.2043009056125518
45,ENSG00000187608.8,chr1_1008588_C_T_b38,2,0.3405403775393836,0.08907445849524623,-1.3486310143116156,0.19210446669995865,0.4768602182982484,-1.4665215989909008,-1.2043009056125518
46,ENSG00000188157.14,chr1_1018652_C_G_b38,1,-0.3218060887803178,0.03985433691293365,-0.7807807405250455,-0.38997968815477935,-0.2538089092748825,-0.8289509255042307,-0.7232074242378094
47,ENSG00000188157.14,chr1_1018572_G_A_b38,2,-0.1512333294099415,0.03651429417338747,-0.7807807405250455,-0.21050997064601,-0.08733277259498794,-0.8289509255042307,-0.7232074242378094
48,ENSG00000131591.17,chr1_1091327_C_A_b38,1,0.1283740969898668,0.014484889678913097,-1.0839548164119441,0.10459093040019826,0.15070819996596813,-1.1018095624422082,-1.070889635308966
49,ENSG00000162571.13,chr1_1229158_G_T_b38,1,-0.3135433835457801,0.12573227532021172,-1.0575320920976894,-0.5300764043660888,-0.09783077250321627,-1.085366401516466,inf
50,ENSG00000205231.1,chr1_1182832_T_C_b38,1,0.5014558367829407,0.059218366404555474,-1.2418895445599227,0.4045630933330188,0.6010461454645442,-1.3011147177002842,-1.2065024315335642
51,ENSG00000186891.13,chr1_1259424_T_C_b38,1,-0.3893750240736411,0.05654567315227356,-0.9088245682594341,-0.4878828415299454,-0.3065288588279802,-0.9582585509739684,-0.8725104365872641
52,ENSG00000186827.10,chr1_1252261_C_T_b38,1,-0.3543946049815947,0.10809499515765028,-1.0053406903272049,-0.5444241245221053,-0.19295230452518314,-1.0506831561540355,-0.975854607662749
53,ENSG00000186827.10,chr1_1547675_G_A_b38,2,0.28941957542720864,0.09483503334476907,-1.0053406903272049,0.12496218323120978,0.4370847621112037,-1.0506831561540355,-0.975854607662749
54,ENSG00000078808.16,chr1_1217221_A_G_b38,1,-0.11710834019008146,0.02237981761244227,-0.990821743609252,-0.15653241669328335,-0.08252948956660736,-0.997830804549423,-0.98649681807686
55,ENSG00000176022.4,chr1_1231710_CCCCCGGGAA_C_b38,1,-0.34152862649692484,0.019798454573746408,-0.9587619663977596,-0.3783437856587725,-0.30907554422365874,-0.9654321181267448,inf
56,ENSG00000162572.20,chr1_1278773_G_A_b38,1,0.4578462839054982,0.06332444065520602,-1.100048661807822,0.3573453934816735,0.5660379962885496,-1.1348863999448158,-1.0735452815548001
57,ENSG00000162572.20,chr1_1309988_G_A_b38,2,0.12191655764315268,0.025143268857989683,-1.100048661807822,0.08314312082800772,0.16388030885753235,-1.1348863999448158,-1.0735452815548001
58,ENSG00000162572.20,chr1_1411781_G_A_b38,3,-0.6848442794782112,0.07822937226993644,-1.100048661807822,-0.8268966662395965,-0.5656712941291014,-1.1348863999448158,-1.0735452815548001
59,ENSG00000131584.18,chr1_1330080_T_C_b38,1,0.18655610505597764,0.024430842598971943,-1.1372537205315796,0.1437613620494151,0.22164311576492066,-1.16453540782399,-1.094325727126163
60,ENSG00000169972.11,chr1_1344048_G_A_b38,1,-0.21095458519307364,0.02630713093254009,-0.9789700014833632,-0.2564575386564367,-0.17072831087625198,-0.9932893340896491,-0.9698176006885852
61,ENSG00000169972.11,chr1_1291731_TG_T_b38,2,0.2785392825834201,0.05591884282422305,-0.9789700014833632,0.1931872763319969,0.37687316179104996,-0.9932893340896491,-0.9698176006885852
62,ENSG00000240731.1,chr1_1321228_G_A_b38,1,-0.19035922681233952,0.03341764072859805,-0.9222832076426191,-0.24506066606263974,-0.12636540943791813,-0.9553027942496809,inf
63,ENSG00000127054.20,chr1_1321228_G_A_b38,2,-0.1190935251141827,0.016589550338337176,-0.8672906837385972,-0.1485623740687542,-0.09496884359317756,-0.8979128092338703,-0.8432245143927453
64,ENSG00000240731.1,chr1_1307603_G_A_b38,2,-0.08956764068057232,0.026126902163150573,-0.9222832076426191,-0.13642695156075002,-0.043593824629159936,-0.9553027942496809,inf
65,ENSG00000127054.20,chr1_1353091_C_T_b38,1,-0.11900432775245486,0.019613549474014468,-0.8672906837385972,-0.1454352084720128,-0.08652982557588819,-0.8979128092338703,-0.8432245143927453
66,ENSG00000127054.20,chr1_1399095_G_C_b38,3,-0.10560781798748042,0.028042133033853733,-0.8672906837385972,-0.1465751241572354,-0.05334168814974055,-0.8979128092338703,-0.8432245143927453
67,ENSG00000224051.6,chr1_1457413_T_C_b38,1,0.29780408990731555,0.04751358291472469,-1.005195965144686,0.2174745384953011,0.3759651901207588,-1.0154832229384567,-0.9992914654813504
68,ENSG00000107404.19,chr1_1335795_A_G_b38,1,0.13851920925799455,0.02894091156786349,-1.1376955547453105,0.09560691486472994,0.1864017812299091,-1.1843018865504884,-1.0952896315290253
69,ENSG00000175756.13,chr1_1371538_C_T_b38,1,-0.17012264822055467,0.024905344969796562,-0.9941961494855442,-0.20570771996699214,-0.12328435947812433,-1.0003478645849555,-0.9891877623193748
70,ENSG00000224870.6,chr1_1389777_G_A_b38,1,-0.39215582051472175,0.03236332132744487,-0.98113644357539,-0.4476065031438897,-0.33985077094090743,-0.9928320467161286,-0.9738993602696504
71,ENSG00000224870.6,chr1_1412052_CAGGTCCCAGGTCCGTCT_C_b38,2,-0.1260482524573474,0.035694008361211636,-0.98113644357539,-0.18666844892876047,-0.06865609974071507,-0.9928320467161286,-0.9738993602696504
72,ENSG00000242485.5,chr1_1407232_G_C_b38,1,0.11091768674894008,0.011135425392922844,-1.0312246117162258,0.09588730088486573,0.1327476025359876,-1.0373545169125336,-1.0242351233732812
73,ENSG00000242485.5,chr1_1411323_A_C_b38,2,0.024862025278409302,0.009102468612160564,-1.0312246117162258,0.009829563551437735,0.04001991429143216,-1.0373545169125336,-1.0242351233732812
74,ENSG00000272455.1,chr1_1409306_A_G_b38,1,-0.22170670900313366,0.07272354554316153,-1.0491581986458485,-0.32350978437383177,-0.07885109007388896,-1.0742989048188378,-1.0161448289879589
75,ENSG00000235098.8,chr1_1419214_A_G_b38,1,-1.9088877202466108,0.07832096555066184,-0.8155935272460786,-2.028204063849531,-1.7605366227972186,-0.8433181754712069,-0.7706425475814339
76,ENSG00000225905.1,chr1_1419214_A_G_b38,1,-1.070992817870943,0.1383374716055893,-1.0121141480973093,-1.2822250398566466,-0.8470896443198007,-1.0751146211203328,-0.9725180530973124
77,ENSG00000235098.8,chr1_1451726_A_G_b38,2,0.7949896248701442,0.10508341872082903,-0.8155935272460786,0.6163469321624518,0.9584083362303832,-0.8433181754712069,-0.7706425475814339
78,ENSG00000225905.1,chr1_1058479_G_A_b38,2,-1.0778826788189306,0.2828413188850481,-1.0121141480973093,-1.526581016046508,-0.6443059263209316,-1.0751146211203328,-0.9725180530973124
79,ENSG00000225905.1,chr1_1547458_A_G_b38,3,1.2382283353939458,0.16047095050618002,-1.0121141480973093,0.9755020032330436,1.4912448551587978,-1.0751146211203328,-0.9725180530973124
80,ENSG00000225285.1,chr1_1400410_A_G_b38,1,0.08778895020590838,0.046677572117682635,-1.0596850238702036,0.0235197415570689,0.17373759364542862,-1.0923207397758397,-1.021424661199643
81,ENSG00000215915.9,chr1_1440430_C_G_b38,1,-0.8987798784824381,0.0822246535847292,-0.7785947532155311,-1.0435379760059853,-0.7555587025359864,-0.8155320460789051,inf
82,ENSG00000160072.19,chr1_1497758_C_T_b38,1,-3.225613361429436,0.8090040765567952,-1.048645707298935,-5.717299394365533,-2.001970855123336,-1.0691119426334341,-1.0328926456692262
83,ENSG00000160072.19,chr1_1486611_G_A_b38,2,0.18788389717019527,0.03407698269643419,-1.048645707298935,0.12761041299795345,0.2410488193564728,-1.0691119426334341,-1.0328926456692262
84,ENSG00000197785.13,chr1_1534218_C_G_b38,1,-0.08117045591759009,0.014702559135963644,-0.9580432731361188,-0.10625370538600472,-0.0569917089103275,-0.9690288733231716,inf
85,ENSG00000197785.13,chr1_1527951_A_G_b38,2,-0.2061547260620431,0.07877105309005397,-0.9580432731361188,-0.3450113702846361,-0.07309328287935046,-0.9690288733231716,inf
86,ENSG00000160075.11,chr1_1574655_GGC_G_b38,1,0.11442298975071452,0.010128635791859577,-1.0361918210547765,0.0962339841910188,0.12966944561461705,-1.041702428847226,-1.0257157053392458
87,ENSG00000197530.12,chr1_1615869_C_T_b38,1,-0.10953080005482807,0.013843517936586692,-0.9210761821238104,-0.13100958611009528,-0.08673496548825202,-0.9405673355350944,-0.9060472389040796
88,ENSG00000248333.8,chr1_1715553_G_A_b38,1,-0.16622614661348845,0.01852789595264557,-0.8131023753506329,-0.19630198251257933,-0.13340941483759972,-0.8406078426868593,-0.7799023753614269
89,ENSG00000248333.8,chr1_1651421_GTAGCCCCTCTGAACGGTCTGTGACACACGCATGCTTTCAGCTAGAGTACTCTA_G_b38,2,-0.07629823168178884,0.01754645645404369,-0.8131023753506329,-0.106272995364987,-0.047161530810780235,-0.8406078426868593,-0.7799023753614269
90,ENSG00000269737.2,chr1_1674848_G_C_b38,1,-2.076294919119809,0.05439470633843802,0.9362309697400624,-2.181187775777059,-2.0031389135178457,0.8757147227800072,1.0413721349015197
91,ENSG00000189339.11,chr1_1674848_G_C_b38,2,-0.6852117126427286,0.04297045581148375,-0.19647379797381906,-0.759114145333499,-0.6220926097811178,-0.2686816398683037,-0.13197662221220458
92,ENSG00000269737.2,chr1_1678268_C_T_b38,2,-0.3195613709008889,0.0862997779574885,0.9362309697400624,-0.4751501486819241,-0.17459453165732886,0.8757147227800072,1.0413721349015197
93,ENSG00000189339.11,chr1_1665061_C_T_b38,1,-0.6494215761278426,0.045211693361394766,-0.19647379797381906,-0.7223245046813644,-0.5767171278977207,-0.2686816398683037,-0.13197662221220458
94,ENSG00000189339.11,chr1_1704310_C_A_b38,3,0.14572012578496985,0.01972436867239387,-0.19647379797381906,0.12080764355105728,0.1831849483229213,-0.2686816398683037,-0.13197662221220458
95,ENSG00000189339.11,chr1_1659060_G_A_b38,4,-0.3321613665403387,0.03939030582115742,-0.19647379797381906,-0.3975489308068028,-0.27089912233663205,-0.2686816398683037,-0.13197662221220458
96,ENSG00000215914.4,chr1_1687236_T_G_b38,1,-1.2271769754164945,0.14396946424823293,-0.7362370586431599,-1.4649634995369858,-0.9984363991165672,-0.8605747318251055,-0.6493056048728393
97,ENSG00000008128.22,chr1_1689221_G_A_b38,1,-5.043196798618847,0.2510639564392223,-0.8240029051673242,-5.299484975076268,-4.545689468526146,-0.9349687944965049,-0.7233814750269485
98,ENSG00000227775.3,chr1_1689221_G_A_b38,2,-1.4518654743342738,0.11150325819608796,-1.5838000485283243,-1.6648487705829702,-1.289867557059973,-1.6096673095726834,inf
99,ENSG00000215790.6,chr1_1689221_G_A_b38,1,-4.227449333984975,0.4190779402481809,-2.0167093821681004,-inf,-3.89011933630301,-2.0909790302986444,-1.917078973903099
100,ENSG00000008128.22,chr1_1733506_G_A_b38,2,1.3383097035438023,0.30422057654612883,-0.8240029051673242,0.7628504024611511,1.784710975622425,-0.9349687944965049,-0.7233814750269485
101,ENSG00000227775.3,chr1_1733506_G_A_b38,4,0.7838439168033418,0.10858560744702414,-1.5838000485283243,0.5996648010457404,0.9745005098467876,-1.6096673095726834,inf
102,ENSG00000215790.6,chr1_1733506_G_A_b38,3,1.4232030452585347,0.4094912861437641,-2.0167093821681004,0.6700157616011633,1.9683693010632568,-2.0909790302986444,-1.917078973903099
103,ENSG00000008128.22,chr1_1714932_G_T_b38,3,-0.07022850422655047,0.1304633274506932,-0.8240029051673242,-inf,inf,-0.9349687944965049,-0.7233814750269485
104,ENSG00000008128.22,chr1_1706566_G_C_b38,4,-0.4368985578216291,0.14188655712134424,-0.8240029051673242,-0.6654329789822075,-0.18349269009043975,-0.9349687944965049,-0.7233814750269485
105,ENSG00000008128.22,chr1_1726691_T_A_b38,5,0.7533166429891534,0.13495723025141304,-0.8240029051673242,0.5172925878963467,0.9730438873605626,-0.9349687944965049,-0.7233814750269485
106,ENSG00000227775.3,chr1_1658866_G_A_b38,1,1.2564379094391276,0.034955136461785115,-1.5838000485283243,1.189877852000081,1.3101478484725204,-1.6096673095726834,inf
107,ENSG00000227775.3,chr1_1732392_C_T_b38,3,0.33267257830085306,0.028447532015300564,-1.5838000485283243,0.28167341503994137,0.3794691079594707,-1.6096673095726834,inf
108,ENSG00000215790.6,chr1_1732392_C_T_b38,4,0.8302502114638184,0.10079764011417802,-2.0167093821681004,0.6583621636273203,1.0267001692822213,-2.0909790302986444,-1.917078973903099
109,ENSG00000227775.3,chr1_1650405_G_A_b38,5,-0.31750025553051664,0.05687400735427536,-1.5838000485283243,-0.4126095412400708,-0.21397785707568676,-1.6096673095726834,inf
110,ENSG00000215790.6,chr1_1676790_C_T_b38,2,0.9376811806947424,0.10984759271480267,-2.0167093821681004,0.7451386970344921,1.1422751104289854,-2.0909790302986444,-1.917078973903099
111,ENSG00000231050.1,chr1_1718200_G_A_b38,3,0.19875566543427856,0.11212489864002513,-1.357030560837245,0.003937214308128275,0.38535224576397664,-1.5260514570043584,-1.2234233749813173
112,ENSG00000067606.16,chr1_1620016_C_T_b38,1,1.6214727277872685,0.10633637118344,-1.1677662949401026,1.3831969644632534,1.7517439520292462,-1.2056948335254971,inf
