,gene_id,variant_id
0,ENSG00000227232.5,chr1_64764_C_T_b38
1,ENSG00000269981.1,chr1_108826_G_C_b38
2,ENSG00000241860.6,chr1_14677_G_A_b38
3,ENSG00000228463.9,chr1_14677_G_A_b38
4,ENSG00000228327.3,chr1_14677_G_A_b38
5,ENSG00000241860.6,chr1_17722_A_G_b38
6,ENSG00000279457.4,chr1_599167_G_A_b38
7,ENSG00000279457.4,chr1_134234_G_A_b38
8,ENSG00000228463.9,chr1_280550_G_A_b38
9,ENSG00000228327.3,chr1_280550_G_A_b38
10,ENSG00000228463.9,chr1_281912_C_G_b38
11,ENSG00000228463.9,chr1_286747_A_G_b38
12,ENSG00000228463.9,chr1_263722_C_G_b38
13,ENSG00000228463.9,chr1_267879_G_C_b38
14,ENSG00000225972.1,chr1_1543591_G_T_b38
15,ENSG00000225972.1,chr1_1142474_G_A_b38
16,ENSG00000225972.1,chr1_1547896_G_C_b38
17,ENSG00000237973.1,chr1_1451550_C_T_b38
18,ENSG00000237973.1,chr1_935426_C_CGGAGCTCCTCT_b38
19,ENSG00000237973.1,chr1_108230_C_T_b38
20,ENSG00000248527.1,chr1_108230_C_T_b38
21,ENSG00000248527.1,chr1_1202667_C_T_b38
22,ENSG00000198744.5,chr1_1525704_A_G_b38
23,ENSG00000229376.3,chr1_806470_C_T_b38
24,ENSG00000228327.3,chr1_806017_A_G_b38
25,ENSG00000237491.8,chr1_823656_G_A_b38
26,ENSG00000230092.7,chr1_805821_C_T_b38
27,ENSG00000230092.7,chr1_770072_T_A_b38
28,ENSG00000177757.2,chr1_816076_T_C_b38
29,ENSG00000228794.8,chr1_841166_A_G_b38
30,ENSG00000225880.5,chr1_799468_T_C_b38
31,ENSG00000225880.5,chr1_826965_A_G_b38
32,ENSG00000189409.13,chr1_826965_A_G_b38
33,ENSG00000225880.5,chr1_722408_G_C_b38
34,ENSG00000230699.2,chr1_632928_G_A_b38
35,ENSG00000223764.2,chr1_1650396_T_C_b38
36,ENSG00000188976.10,chr1_962184_T_C_b38
37,ENSG00000188976.10,chr1_979459_C_T_b38
38,ENSG00000187961.13,chr1_940263_C_G_b38
39,ENSG00000187583.10,chr1_961096_A_G_b38
40,ENSG00000272512.1,chr1_999842_C_A_b38
41,ENSG00000272512.1,chr1_978812_G_C_b38
42,ENSG00000272512.1,chr1_1065514_A_T_b38
43,ENSG00000188290.10,chr1_1086035_A_G_b38
44,ENSG00000187608.8,chr1_1014228_G_A_b38
45,ENSG00000187608.8,chr1_1008588_C_T_b38
46,ENSG00000188157.14,chr1_1018652_C_G_b38
47,ENSG00000188157.14,chr1_1018572_G_A_b38
48,ENSG00000131591.17,chr1_1091327_C_A_b38
49,ENSG00000162571.13,chr1_1229158_G_T_b38
50,ENSG00000205231.1,chr1_1182832_T_C_b38
51,ENSG00000186891.13,chr1_1259424_T_C_b38
52,ENSG00000186827.10,chr1_1252261_C_T_b38
53,ENSG00000186827.10,chr1_1547675_G_A_b38
54,ENSG00000078808.16,chr1_1217221_A_G_b38
55,ENSG00000176022.4,chr1_1231710_CCCCCGGGAA_C_b38
56,ENSG00000162572.20,chr1_1278773_G_A_b38
57,ENSG00000162572.20,chr1_1309988_G_A_b38
58,ENSG00000162572.20,chr1_1411781_G_A_b38
59,ENSG00000131584.18,chr1_1330080_T_C_b38
60,ENSG00000169972.11,chr1_1344048_G_A_b38
61,ENSG00000169972.11,chr1_1291731_TG_T_b38
62,ENSG00000240731.1,chr1_1321228_G_A_b38
63,ENSG00000127054.20,chr1_1321228_G_A_b38
64,ENSG00000240731.1,chr1_1307603_G_A_b38
65,ENSG00000127054.20,chr1_1353091_C_T_b38
66,ENSG00000127054.20,chr1_1399095_G_C_b38
67,ENSG00000224051.6,chr1_1457413_T_C_b38
68,ENSG00000107404.19,chr1_1335795_A_G_b38
69,ENSG00000175756.13,chr1_1371538_C_T_b38
70,ENSG00000224870.6,chr1_1389777_G_A_b38
71,ENSG00000224870.6,chr1_1412052_CAGGTCCCAGGTCCGTCT_C_b38
72,ENSG00000242485.5,chr1_1407232_G_C_b38
73,ENSG00000242485.5,chr1_1411323_A_C_b38
74,ENSG00000272455.1,chr1_1409306_A_G_b38
75,ENSG00000235098.8,chr1_1419214_A_G_b38
76,ENSG00000225905.1,chr1_1419214_A_G_b38
77,ENSG00000235098.8,chr1_1451726_A_G_b38
78,ENSG00000225905.1,chr1_1058479_G_A_b38
79,ENSG00000225905.1,chr1_1547458_A_G_b38
80,ENSG00000225285.1,chr1_1400410_A_G_b38
81,ENSG00000215915.9,chr1_1440430_C_G_b38
82,ENSG00000160072.19,chr1_1497758_C_T_b38
83,ENSG00000160072.19,chr1_1486611_G_A_b38
84,ENSG00000197785.13,chr1_1534218_C_G_b38
85,ENSG00000197785.13,chr1_1527951_A_G_b38
86,ENSG00000160075.11,chr1_1574655_GGC_G_b38
87,ENSG00000197530.12,chr1_1615869_C_T_b38
88,ENSG00000248333.8,chr1_1715553_G_A_b38
89,ENSG00000248333.8,chr1_1651421_GTAGCCCCTCTGAACGGTCTGTGACACACGCATGCTTTCAGCTAGAGTACTCTA_G_b38
90,ENSG00000269737.2,chr1_1674848_G_C_b38
91,ENSG00000189339.11,chr1_1674848_G_C_b38
92,ENSG00000269737.2,chr1_1678268_C_T_b38
93,ENSG00000189339.11,chr1_1665061_C_T_b38
94,ENSG00000189339.11,chr1_1704310_C_A_b38
95,ENSG00000189339.11,chr1_1659060_G_A_b38
96,ENSG00000215914.4,chr1_1687236_T_G_b38
97,ENSG00000008128.22,chr1_1689221_G_A_b38
98,ENSG00000227775.3,chr1_1689221_G_A_b38
99,ENSG00000215790.6,chr1_1689221_G_A_b38
100,ENSG00000008128.22,chr1_1733506_G_A_b38
101,ENSG00000227775.3,chr1_1733506_G_A_b38
102,ENSG00000215790.6,chr1_1733506_G_A_b38
103,ENSG00000008128.22,chr1_1714932_G_T_b38
104,ENSG00000008128.22,chr1_1706566_G_C_b38
105,ENSG00000008128.22,chr1_1726691_T_A_b38
106,ENSG00000227775.3,chr1_1658866_G_A_b38
107,ENSG00000227775.3,chr1_1732392_C_T_b38
108,ENSG00000215790.6,chr1_1732392_C_T_b38
109,ENSG00000227775.3,chr1_1650405_G_A_b38
110,ENSG00000215790.6,chr1_1676790_C_T_b38
111,ENSG00000231050.1,chr1_1718200_G_A_b38
112,ENSG00000067606.16,chr1_1620016_C_T_b38
